model,brand,tonnage,engine_power_kw,reach_m,base_price_new,is_hybrid,year,hours,hours_per_year,condition,condition_score,full_service_history,major_repairs,has_ac,has_gps,extra_attachments,price
160MH,Atlas,16.1,105,9.7,480000,False,2021,3064,766.0,Dobry,2,False,3,True,False,2,343000
160MH,Atlas,16.1,105,9.7,480000,False,2021,3071,767.8,Zadowalający,3,True,2,True,False,0,311000
160MH,Atlas,16.1,105,9.7,480000,False,2016,10905,1211.7,Bardzo dobry,1,True,5,False,False,3,207000
160MH,Atlas,16.1,105,9.7,480000,False,2017,8979,1122.4,Dobry,2,True,1,True,False,3,247000
160MH,Atlas,16.1,105,9.7,480000,False,2011,16453,1175.2,Doskonały,0,False,5,False,False,1,131000
160MH,Atlas,16.1,105,9.7,480000,False,2019,10304,1717.3,Zadowalający,3,True,3,False,False,3,243000
160MH,Atlas,16.1,105,9.7,480000,False,2018,7054,1007.7,Zadowalający,3,False,1,True,True,2,228000
160MH,Atlas,16.1,105,9.7,480000,False,2020,3682,736.4,Wymaga naprawy,4,True,1,True,False,2,237000
160MH,Atlas,16.1,105,9.7,480000,False,2014,11456,1041.5,Doskonały,0,True,5,True,False,3,190000
160MH,Atlas,16.1,105,9.7,480000,False,2017,5136,642.0,Zadowalający,3,True,2,True,False,2,196000
160MH,Atlas,16.1,105,9.7,480000,False,2020,9289,1857.8,Zadowalający,3,True,1,False,False,3,290000
160MH,Atlas,16.1,105,9.7,480000,False,2023,1841,920.5,Zadowalający,3,True,0,True,True,3,393000
160MH,Atlas,16.1,105,9.7,480000,False,2018,10300,1471.4,Dobry,2,True,3,True,True,1,275000
160MH,Atlas,16.1,105,9.7,480000,False,2014,11719,1065.4,Bardzo dobry,1,True,3,True,False,2,201000
160MH,Atlas,16.1,105,9.7,480000,False,2014,18469,1679.0,Bardzo dobry,1,False,2,False,False,2,160000
160MH,Atlas,16.1,105,9.7,480000,False,2015,13886,1388.6,Doskonały,0,True,5,False,True,0,191000
160MH,Atlas,16.1,105,9.7,480000,False,2019,4622,770.3,Wymaga naprawy,4,True,4,False,True,0,156000
160MH,Atlas,16.1,105,9.7,480000,False,2022,3510,1170.0,Wymaga naprawy,4,True,3,True,True,2,244000
160MH,Atlas,16.1,105,9.7,480000,False,2012,12970,997.7,Dobry,2,False,4,False,False,1,113000
160MH,Atlas,16.1,105,9.7,480000,False,2018,6736,962.3,Wymaga naprawy,4,True,1,True,False,2,201000
160MH,Atlas,16.1,105,9.7,480000,False,2020,5869,1173.8,Wymaga naprawy,4,True,1,True,True,2,228000
160MH,Atlas,16.1,105,9.7,480000,False,2016,12689,1409.9,Dobry,2,False,5,True,False,2,203000
160MH,Atlas,16.1,105,9.7,480000,False,2024,1380,1380.0,Zadowalający,3,True,1,True,True,2,425000
160MH,Atlas,16.1,105,9.7,480000,False,2011,10957,782.6,Dobry,2,True,4,False,False,0,113000
160MH,Atlas,16.1,105,9.7,480000,False,2023,2410,1205.0,Zadowalający,3,True,0,False,True,3,349000
160MH,Atlas,16.1,105,9.7,480000,False,2024,955,955.0,Wymaga naprawy,4,True,2,True,True,3,349000
160MH,Atlas,16.1,105,9.7,480000,False,2024,1137,1137.0,Wymaga naprawy,4,True,1,True,True,3,339000
160MH,Atlas,16.1,105,9.7,480000,False,2013,13844,1153.7,Dobry,2,True,5,True,False,1,135000
160MH,Atlas,16.1,105,9.7,480000,False,2012,15603,1200.2,Doskonały,0,True,5,True,False,2,146000
160MH,Atlas,16.1,105,9.7,480000,False,2015,8332,833.2,Dobry,2,False,3,True,True,3,191000
160MH,Atlas,16.1,105,9.7,480000,False,2018,7960,1137.1,Wymaga naprawy,4,False,2,True,False,1,165000
160MH,Atlas,16.1,105,9.7,480000,False,2023,2976,1488.0,Wymaga naprawy,4,True,2,True,False,0,297000
160MH,Atlas,16.1,105,9.7,480000,False,2022,3346,1115.3,Zadowalający,3,False,3,False,False,2,316000
160MH,Atlas,16.1,105,9.7,480000,False,2022,2989,996.3,Zadowalający,3,True,3,True,True,0,330000
160MH,Atlas,16.1,105,9.7,480000,False,2014,9980,907.3,Dobry,2,True,5,True,False,0,137000
160MH,Atlas,16.1,105,9.7,480000,False,2019,5943,990.5,Wymaga naprawy,4,False,2,True,False,2,191000
160MH,Atlas,16.1,105,9.7,480000,False,2014,8365,760.5,Dobry,2,True,4,True,False,2,173000
160MH,Atlas,16.1,105,9.7,480000,False,2023,1939,969.5,Zadowalający,3,False,0,True,False,1,363000
160MH,Atlas,16.1,105,9.7,480000,False,2022,3616,1205.3,Zadowalający,3,True,0,False,True,3,366000
160MH,Atlas,16.1,105,9.7,480000,False,2020,4617,923.4,Dobry,2,True,1,True,True,0,327000
160MH,Atlas,16.1,105,9.7,480000,False,2020,4412,882.4,Zadowalający,3,True,3,True,True,2,259000
160MH,Atlas,16.1,105,9.7,480000,False,2020,7514,1502.8,Dobry,2,True,1,True,False,3,325000
160MH,Atlas,16.1,105,9.7,480000,False,2022,1851,617.0,Zadowalający,3,False,0,True,True,2,352000
160MH,Atlas,16.1,105,9.7,480000,False,2023,1967,983.5,Zadowalający,3,False,1,True,True,2,361000
160MH,Atlas,16.1,105,9.7,480000,False,2018,7401,1057.3,Zadowalający,3,True,2,True,True,0,203000
160MH,Atlas,16.1,105,9.7,480000,False,2015,10295,1029.5,Dobry,2,True,4,True,False,0,175000
160MH,Atlas,16.1,105,9.7,480000,False,2012,10413,801.0,Dobry,2,True,5,True,False,0,137000
160MH,Atlas,16.1,105,9.7,480000,False,2019,5083,847.2,Wymaga naprawy,4,False,4,True,False,3,183000
160MH,Atlas,16.1,105,9.7,480000,False,2019,6630,1105.0,Zadowalający,3,True,4,True,True,0,206000
160MH,Atlas,16.1,105,9.7,480000,False,2013,8171,680.9,Dobry,2,True,5,True,False,3,151000
160MH,Atlas,16.1,105,9.7,480000,False,2016,16308,1812.0,Bardzo dobry,1,True,2,True,True,3,255000
160MH,Atlas,16.1,105,9.7,480000,False,2022,3072,1024.0,Wymaga naprawy,4,True,2,True,True,2,290000
160MH,Atlas,16.1,105,9.7,480000,False,2015,15489,1548.9,Doskonały,0,True,3,True,True,1,244000
160MH,Atlas,16.1,105,9.7,480000,False,2015,12280,1228.0,Bardzo dobry,1,False,3,True,False,1,194000
160MH,Atlas,16.1,105,9.7,480000,False,2010,24232,1615.5,Bardzo dobry,1,True,5,False,False,0,90000
160MH,Atlas,16.1,105,9.7,480000,False,2012,16123,1240.2,Doskonały,0,True,4,True,False,2,179000
180MH,Atlas,21.1,105,11.6,530000,False,2015,10453,1045.3,Bardzo dobry,1,True,2,True,False,0,222000
180MH,Atlas,21.1,105,11.6,530000,False,2022,4044,1348.0,Wymaga naprawy,4,True,0,True,True,1,294000
180MH,Atlas,21.1,105,11.6,530000,False,2017,11041,1380.1,Doskonały,0,False,3,False,False,2,265000
180MH,Atlas,21.1,105,11.6,530000,False,2020,4830,966.0,Dobry,2,False,2,True,True,2,331000
180MH,Atlas,21.1,105,11.6,530000,False,2021,4841,1210.2,Zadowalający,3,True,2,False,False,3,343000
180MH,Atlas,21.1,105,11.6,530000,False,2016,6888,765.3,Zadowalający,3,True,3,True,False,1,199000
180MH,Atlas,21.1,105,11.6,530000,False,2016,10483,1164.8,Dobry,2,True,5,True,True,0,224000
180MH,Atlas,21.1,105,11.6,530000,False,2021,4670,1167.5,Dobry,2,True,2,False,True,0,376000
180MH,Atlas,21.1,105,11.6,530000,False,2017,6953,869.1,Zadowalający,3,True,4,False,True,1,202000
180MH,Atlas,21.1,105,11.6,530000,False,2015,11029,1102.9,Doskonały,0,True,2,True,False,0,242000
180MH,Atlas,21.1,105,11.6,530000,False,2019,8977,1496.2,Dobry,2,False,4,True,False,3,270000
180MH,Atlas,21.1,105,11.6,530000,False,2013,16093,1341.1,Bardzo dobry,1,False,5,False,False,2,152000
180MH,Atlas,21.1,105,11.6,530000,False,2024,1104,1104.0,Zadowalający,3,True,1,True,False,3,477000
180MH,Atlas,21.1,105,11.6,530000,False,2010,15326,1021.7,Doskonały,0,True,5,True,False,0,123000
180MH,Atlas,21.1,105,11.6,530000,False,2016,9501,1055.7,Doskonały,0,True,2,True,False,2,295000
180MH,Atlas,21.1,105,11.6,530000,False,2016,17023,1891.4,Bardzo dobry,1,True,5,True,False,1,233000
180MH,Atlas,21.1,105,11.6,530000,False,2021,3456,864.0,Zadowalający,3,True,1,True,True,1,372000
180MH,Atlas,21.1,105,11.6,530000,False,2023,2598,1299.0,Zadowalający,3,False,1,True,False,1,393000
180MH,Atlas,21.1,105,11.6,530000,False,2024,1787,1787.0,Wymaga naprawy,4,True,1,True,True,3,398000
180MH,Atlas,21.1,105,11.6,530000,False,2010,15679,1045.3,Bardzo dobry,1,True,4,False,False,3,130000
180MH,Atlas,21.1,105,11.6,530000,False,2015,11772,1177.2,Bardzo dobry,1,False,4,False,True,1,222000
180MH,Atlas,21.1,105,11.6,530000,False,2021,6370,1592.5,Dobry,2,False,1,False,True,2,366000
180MH,Atlas,21.1,105,11.6,530000,False,2018,7428,1061.1,Wymaga naprawy,4,True,3,False,True,2,201000
180MH,Atlas,21.1,105,11.6,530000,False,2016,9445,1049.4,Doskonały,0,True,3,True,True,1,276000
180MH,Atlas,21.1,105,11.6,530000,False,2023,2397,1198.5,Wymaga naprawy,4,False,0,True,False,0,330000
180MH,Atlas,21.1,105,11.6,530000,False,2016,6739,748.8,Bardzo dobry,1,True,2,True,False,3,299000
180MH,Atlas,21.1,105,11.6,530000,False,2015,14785,1478.5,Doskonały,0,False,4,True,True,1,246000
180MH,Atlas,21.1,105,11.6,530000,False,2015,14000,1400.0,Dobry,2,False,5,True,True,2,206000
180MH,Atlas,21.1,105,11.6,530000,False,2019,6863,1143.8,Zadowalający,3,True,3,True,False,2,247000
180MH,Atlas,21.1,105,11.6,530000,False,2012,8404,646.5,Doskonały,0,True,4,True,False,0,165000
180MH,Atlas,21.1,105,11.6,530000,False,2015,12943,1294.3,Dobry,2,False,3,True,True,2,217000
180MH,Atlas,21.1,105,11.6,530000,False,2010,22042,1469.5,Doskonały,0,True,5,False,False,0,131000
180MH,Atlas,21.1,105,11.6,530000,False,2020,7035,1407.0,Wymaga naprawy,4,True,1,True,False,1,217000
180MH,Atlas,21.1,105,11.6,530000,False,2014,13819,1256.3,Bardzo dobry,1,False,4,True,False,0,177000
180MH,Atlas,21.1,105,11.6,530000,False,2014,11060,1005.5,Dobry,2,True,4,True,False,0,161000
180MH,Atlas,21.1,105,11.6,530000,False,2013,16905,1408.8,Bardzo dobry,1,False,3,True,False,1,187000
180MH,Atlas,21.1,105,11.6,530000,False,2016,9944,1104.9,Bardzo dobry,1,True,5,True,True,0,246000
180MH,Atlas,21.1,105,11.6,530000,False,2024,1226,1226.0,Wymaga naprawy,4,True,2,True,False,2,387000
180MH,Atlas,21.1,105,11.6,530000,False,2019,8497,1416.2,Bardzo dobry,1,True,1,True,False,1,352000
180MH,Atlas,21.1,105,11.6,530000,False,2020,8684,1736.8,Zadowalający,3,True,3,True,False,2,305000
180MH,Atlas,21.1,105,11.6,530000,False,2016,8590,954.4,Doskonały,0,True,3,True,False,2,298000
180MH,Atlas,21.1,105,11.6,530000,False,2010,22144,1476.3,Doskonały,0,True,5,True,False,0,137000
180MH,Atlas,21.1,105,11.6,530000,False,2022,3343,1114.3,Wymaga naprawy,4,True,1,True,False,0,309000
180MH,Atlas,21.1,105,11.6,530000,False,2011,9948,710.6,Dobry,2,True,4,True,False,0,139000
180MH,Atlas,21.1,105,11.6,530000,False,2018,8552,1221.7,Bardzo dobry,1,False,3,False,True,3,317000
180MH,Atlas,21.1,105,11.6,530000,False,2015,9525,952.5,Doskonały,0,True,2,True,True,2,278000
180MH,Atlas,21.1,105,11.6,530000,False,2024,1050,1050.0,Wymaga naprawy,4,True,2,False,True,1,322000
180MH,Atlas,21.1,105,11.6,530000,False,2018,9345,1335.0,Dobry,2,True,1,True,False,2,268000
180MH,Atlas,21.1,105,11.6,530000,False,2024,1423,1423.0,Zadowalający,3,False,0,False,True,1,397000
180MH,Atlas,21.1,105,11.6,530000,False,2022,3726,1242.0,Wymaga naprawy,4,True,0,True,False,0,303000
180MH,Atlas,21.1,105,11.6,530000,False,2015,9347,934.7,Bardzo dobry,1,False,3,True,True,1,217000
180MH,Atlas,21.1,105,11.6,530000,False,2023,3452,1726.0,Wymaga naprawy,4,False,0,True,True,1,337000
180MH,Atlas,21.1,105,11.6,530000,False,2010,10936,729.1,Bardzo dobry,1,True,5,True,False,1,146000
180MH,Atlas,21.1,105,11.6,530000,False,2021,5560,1390.0,Wymaga naprawy,4,False,2,True,True,2,282000
180MH,Atlas,21.1,105,11.6,530000,False,2011,17752,1268.0,Bardzo dobry,1,False,5,True,False,1,141000
200MH,Atlas,21.9,129,11.25,570000,False,2016,14285,1587.2,Dobry,2,True,4,True,False,2,251000
200MH,Atlas,21.9,129,11.25,570000,False,2011,13876,991.1,Doskonały,0,True,4,True,False,3,187000
200MH,Atlas,21.9,129,11.25,570000,False,2015,13833,1383.3,Doskonały,0,False,5,True,True,0,232000
200MH,Atlas,21.9,129,11.25,570000,False,2020,4518,903.6,Dobry,2,False,2,False,False,0,350000
200MH,Atlas,21.9,129,11.25,570000,False,2023,3492,1746.0,Zadowalający,3,True,2,True,False,0,439000
200MH,Atlas,21.9,129,11.25,570000,False,2015,11006,1100.6,Dobry,2,True,2,True,True,1,221000
200MH,Atlas,21.9,129,11.25,570000,False,2023,2653,1326.5,Zadowalający,3,False,0,True,False,2,466000
200MH,Atlas,21.9,129,11.25,570000,False,2011,14182,1013.0,Doskonały,0,True,4,False,False,2,176000
200MH,Atlas,21.9,129,11.25,570000,False,2013,14083,1173.6,Dobry,2,False,5,False,False,0,146000
200MH,Atlas,21.9,129,11.25,570000,False,2012,16660,1281.5,Doskonały,0,False,5,True,False,2,185000
200MH,Atlas,21.9,129,11.25,570000,False,2024,980,980.0,Wymaga naprawy,4,False,1,True,False,2,384000
200MH,Atlas,21.9,129,11.25,570000,False,2014,16816,1528.7,Bardzo dobry,1,False,3,True,False,1,195000
200MH,Atlas,21.9,129,11.25,570000,False,2013,13204,1100.3,Doskonały,0,True,3,True,False,0,196000
200MH,Atlas,21.9,129,11.25,570000,False,2016,14071,1563.4,Bardzo dobry,1,True,3,False,True,2,260000
200MH,Atlas,21.9,129,11.25,570000,False,2015,13650,1365.0,Doskonały,0,True,2,True,True,2,297000
200MH,Atlas,21.9,129,11.25,570000,False,2011,16650,1189.3,Doskonały,0,True,5,False,False,0,155000
200MH,Atlas,21.9,129,11.25,570000,False,2015,8740,874.0,Doskonały,0,True,4,False,True,1,237000
200MH,Atlas,21.9,129,11.25,570000,False,2016,8294,921.6,Bardzo dobry,1,True,5,False,True,0,233000
200MH,Atlas,21.9,129,11.25,570000,False,2012,14917,1147.5,Doskonały,0,True,4,True,False,3,215000
200MH,Atlas,21.9,129,11.25,570000,False,2020,7860,1572.0,Zadowalający,3,True,0,True,False,2,302000
200MH,Atlas,21.9,129,11.25,570000,False,2023,2699,1349.5,Wymaga naprawy,4,True,1,True,False,3,338000
200MH,Atlas,21.9,129,11.25,570000,False,2012,17734,1364.2,Doskonały,0,True,5,True,False,2,192000
200MH,Atlas,21.9,129,11.25,570000,False,2019,6911,1151.8,Zadowalający,3,True,2,True,True,2,290000
200MH,Atlas,21.9,129,11.25,570000,False,2015,11214,1121.4,Dobry,2,True,5,False,False,1,193000
200MH,Atlas,21.9,129,11.25,570000,False,2013,12563,1046.9,Bardzo dobry,1,True,4,True,False,3,189000
200MH,Atlas,21.9,129,11.25,570000,False,2013,13256,1104.7,Doskonały,0,False,3,False,False,2,201000
200MH,Atlas,21.9,129,11.25,570000,False,2018,8601,1228.7,Dobry,2,False,4,True,False,1,244000
200MH,Atlas,21.9,129,11.25,570000,False,2012,15208,1169.8,Doskonały,0,False,4,True,False,3,192000
200MH,Atlas,21.9,129,11.25,570000,False,2013,11667,972.2,Bardzo dobry,1,True,4,True,False,1,203000
200MH,Atlas,21.9,129,11.25,570000,False,2012,23325,1794.2,Bardzo dobry,1,True,5,True,False,1,164000
200MH,Atlas,21.9,129,11.25,570000,False,2010,18101,1206.7,Doskonały,0,True,5,False,False,3,166000
200MH,Atlas,21.9,129,11.25,570000,False,2023,1986,993.0,Wymaga naprawy,4,True,0,True,False,1,395000
200MH,Atlas,21.9,129,11.25,570000,False,2022,3224,1074.7,Wymaga naprawy,4,True,3,False,False,3,315000
200MH,Atlas,21.9,129,11.25,570000,False,2019,6840,1140.0,Wymaga naprawy,4,False,4,True,True,3,224000
200MH,Atlas,21.9,129,11.25,570000,False,2017,7491,936.4,Dobry,2,False,2,True,True,0,257000
200MH,Atlas,21.9,129,11.25,570000,False,2016,8084,898.2,Bardzo dobry,1,True,5,True,False,2,274000
200MH,Atlas,21.9,129,11.25,570000,False,2012,15047,1157.5,Doskonały,0,True,3,False,False,3,196000
200MH,Atlas,21.9,129,11.25,570000,False,2019,5347,891.2,Dobry,2,True,1,False,True,2,318000
200MH,Atlas,21.9,129,11.25,570000,False,2010,14537,969.1,Bardzo dobry,1,False,5,False,False,0,108000
200MH,Atlas,21.9,129,11.25,570000,False,2017,5710,713.8,Dobry,2,True,2,True,True,0,265000
200MH,Atlas,21.9,129,11.25,570000,False,2016,13938,1548.7,Bardzo dobry,1,True,2,False,True,0,274000
200MH,Atlas,21.9,129,11.25,570000,False,2018,9553,1364.7,Bardzo dobry,1,False,3,True,True,0,337000
200MH,Atlas,21.9,129,11.25,570000,False,2024,991,991.0,Zadowalający,3,False,2,True,False,1,425000
200MH,Atlas,21.9,129,11.25,570000,False,2020,5566,1113.2,Zadowalający,3,True,3,False,True,2,334000
200MH,Atlas,21.9,129,11.25,570000,False,2024,986,986.0,Wymaga naprawy,4,True,0,False,False,3,385000
200MH,Atlas,21.9,129,11.25,570000,False,2023,2666,1333.0,Zadowalający,3,True,1,True,True,1,478000
200MH,Atlas,21.9,129,11.25,570000,False,2020,6066,1213.2,Dobry,2,True,2,True,True,3,382000
200MH,Atlas,21.9,129,11.25,570000,False,2012,9836,756.6,Doskonały,0,True,5,False,False,1,168000
200MH,Atlas,21.9,129,11.25,570000,False,2010,20546,1369.7,Bardzo dobry,1,False,5,True,False,3,151000
200MH,Atlas,21.9,129,11.25,570000,False,2018,6377,911.0,Dobry,2,False,1,True,True,3,330000
200MH,Atlas,21.9,129,11.25,570000,False,2011,22829,1630.6,Doskonały,0,True,4,True,False,0,166000
200MH ACCU,Atlas,21.7,140,11.6,620000,True,2017,8951,1118.9,Bardzo dobry,1,True,1,True,True,0,341000
200MH ACCU,Atlas,21.7,140,11.6,620000,True,2016,15247,1694.1,Bardzo dobry,1,True,3,True,True,3,294000
200MH ACCU,Atlas,21.7,140,11.6,620000,True,2010,17129,1141.9,Bardzo dobry,1,True,5,True,False,0,156000
200MH ACCU,Atlas,21.7,140,11.6,620000,True,2016,8850,983.3,Doskonały,0,True,2,True,False,1,324000
200MH ACCU,Atlas,21.7,140,11.6,620000,True,2020,8314,1662.8,Dobry,2,True,0,False,True,0,421000
200MH ACCU,Atlas,21.7,140,11.6,620000,True,2018,9342,1334.6,Zadowalający,3,True,3,False,False,2,275000
200MH ACCU,Atlas,21.7,140,11.6,620000,True,2011,10807,771.9,Dobry,2,True,5,True,False,0,154000
200MH ACCU,Atlas,21.7,140,11.6,620000,True,2010,15457,1030.5,Dobry,2,True,5,True,False,1,151000
200MH ACCU,Atlas,21.7,140,11.6,620000,True,2012,11234,864.2,Bardzo dobry,1,True,4,True,False,3,240000
200MH ACCU,Atlas,21.7,140,11.6,620000,True,2016,8492,943.6,Dobry,2,False,4,True,True,2,263000
200MH ACCU,Atlas,21.7,140,11.6,620000,True,2022,3242,1080.7,Wymaga naprawy,4,True,3,True,False,2,317000
200MH ACCU,Atlas,21.7,140,11.6,620000,True,2012,13041,1003.2,Doskonały,0,True,5,True,False,2,211000
200MH ACCU,Atlas,21.7,140,11.6,620000,True,2014,15654,1423.1,Bardzo dobry,1,False,3,True,False,2,236000
200MH ACCU,Atlas,21.7,140,11.6,620000,True,2023,2378,1189.0,Wymaga naprawy,4,True,1,True,True,3,387000
200MH ACCU,Atlas,21.7,140,11.6,620000,True,2022,3341,1113.7,Zadowalający,3,True,0,False,True,0,470000
200MH ACCU,Atlas,21.7,140,11.6,620000,True,2014,8366,760.5,Bardzo dobry,1,True,3,True,False,0,249000
200MH ACCU,Atlas,21.7,140,11.6,620000,True,2017,8883,1110.4,Bardzo dobry,1,True,2,False,True,3,373000
200MH ACCU,Atlas,21.7,140,11.6,620000,True,2020,8097,1619.4,Zadowalający,3,True,2,False,False,3,330000
200MH ACCU,Atlas,21.7,140,11.6,620000,True,2019,9942,1657.0,Dobry,2,False,1,True,False,3,361000
200MH ACCU,Atlas,21.7,140,11.6,620000,True,2016,10993,1221.4,Doskonały,0,True,5,False,True,1,311000
200MH ACCU,Atlas,21.7,140,11.6,620000,True,2020,6098,1219.6,Zadowalający,3,True,0,True,True,0,353000
200MH ACCU,Atlas,21.7,140,11.6,620000,True,2015,13039,1303.9,Dobry,2,True,4,True,False,3,237000
200MH ACCU,Atlas,21.7,140,11.6,620000,True,2023,2267,1133.5,Wymaga naprawy,4,True,2,True,False,0,378000
200MH ACCU,Atlas,21.7,140,11.6,620000,True,2019,8255,1375.8,Bardzo dobry,1,False,3,True,True,3,396000
200MH ACCU,Atlas,21.7,140,11.6,620000,True,2020,4982,996.4,Wymaga naprawy,4,True,1,False,True,3,297000
200MH ACCU,Atlas,21.7,140,11.6,620000,True,2013,11847,987.2,Dobry,2,False,4,True,False,3,223000
200MH ACCU,Atlas,21.7,140,11.6,620000,True,2020,3690,738.0,Zadowalający,3,False,3,True,True,2,354000
200MH ACCU,Atlas,21.7,140,11.6,620000,True,2017,8135,1016.9,Dobry,2,True,2,True,False,1,296000
200MH ACCU,Atlas,21.7,140,11.6,620000,True,2020,5385,1077.0,Zadowalający,3,True,0,True,True,3,372000
200MH ACCU,Atlas,21.7,140,11.6,620000,True,2021,4274,1068.5,Zadowalający,3,True,0,True,False,1,436000
200MH ACCU,Atlas,21.7,140,11.6,620000,True,2024,1409,1409.0,Wymaga naprawy,4,True,1,True,False,2,415000
200MH ACCU,Atlas,21.7,140,11.6,620000,True,2013,14217,1184.8,Bardzo dobry,1,True,5,True,False,1,192000
200MH ACCU,Atlas,21.7,140,11.6,620000,True,2022,3104,1034.7,Wymaga naprawy,4,True,1,True,False,0,388000
200MH ACCU,Atlas,21.7,140,11.6,620000,True,2013,12684,1057.0,Bardzo dobry,1,True,4,True,False,2,222000
200MH ACCU,Atlas,21.7,140,11.6,620000,True,2022,5259,1753.0,Wymaga naprawy,4,True,2,False,False,1,316000
200MH ACCU,Atlas,21.7,140,11.6,620000,True,2017,10229,1278.6,Bardzo dobry,1,False,2,True,True,1,334000
200MH ACCU,Atlas,21.7,140,11.6,620000,True,2017,6541,817.6,Zadowalający,3,True,3,True,False,3,303000
200MH ACCU,Atlas,21.7,140,11.6,620000,True,2017,8760,1095.0,Doskonały,0,True,1,False,True,3,421000
200MH ACCU,Atlas,21.7,140,11.6,620000,True,2021,3666,916.5,Dobry,2,True,3,True,False,0,434000
200MH ACCU,Atlas,21.7,140,11.6,620000,True,2022,3171,1057.0,Wymaga naprawy,4,False,1,True,False,3,367000
200MH ACCU,Atlas,21.7,140,11.6,620000,True,2015,10447,1044.7,Dobry,2,True,4,False,False,3,248000
200MH ACCU,Atlas,21.7,140,11.6,620000,True,2014,13613,1237.5,Doskonały,0,False,3,True,False,2,269000
200MH ACCU,Atlas,21.7,140,11.6,620000,True,2011,11988,856.3,Doskonały,0,True,5,False,False,1,192000
200MH ACCU,Atlas,21.7,140,11.6,620000,True,2022,3119,1039.7,Wymaga naprawy,4,False,2,True,True,0,342000
200MH ACCU,Atlas,21.7,140,11.6,620000,True,2021,3934,983.5,Wymaga naprawy,4,False,0,True,True,0,335000
200MH ACCU,Atlas,21.7,140,11.6,620000,True,2014,13676,1243.3,Doskonały,0,True,5,False,False,0,241000
200MH ACCU,Atlas,21.7,140,11.6,620000,True,2013,13971,1164.2,Bardzo dobry,1,True,3,True,False,1,210000
200MH ACCU,Atlas,21.7,140,11.6,620000,True,2014,12630,1148.2,Bardzo dobry,1,False,4,True,False,3,256000
200MH ACCU,Atlas,21.7,140,11.6,620000,True,2020,4707,941.4,Wymaga naprawy,4,True,3,True,False,3,299000
200MH ACCU,Atlas,21.7,140,11.6,620000,True,2010,18160,1210.7,Doskonały,0,True,5,True,False,2,191000
200MH ACCU,Atlas,21.7,140,11.6,620000,True,2022,4930,1643.3,Zadowalający,3,True,3,False,False,2,400000
200MH ACCU,Atlas,21.7,140,11.6,620000,True,2020,7933,1586.6,Zadowalający,3,True,2,True,True,2,332000
200MH ACCU,Atlas,21.7,140,11.6,620000,True,2012,9978,767.5,Doskonały,0,True,5,True,False,1,196000
200MH ACCU,Atlas,21.7,140,11.6,620000,True,2012,13877,1067.5,Dobry,2,False,3,True,False,3,206000
200MH ACCU,Atlas,21.7,140,11.6,620000,True,2023,2855,1427.5,Wymaga naprawy,4,False,0,True,True,2,382000
200MH ACCU,Atlas,21.7,140,11.6,620000,True,2013,19667,1638.9,Doskonały,0,True,5,False,False,0,184000
200MH ACCU,Atlas,21.7,140,11.6,620000,True,2016,8122,902.4,Bardzo dobry,1,True,4,True,False,2,284000
250MH,Atlas,25.9,129,12.25,680000,False,2016,10571,1174.6,Doskonały,0,True,5,True,False,2,362000
250MH,Atlas,25.9,129,12.25,680000,False,2022,3789,1263.0,Wymaga naprawy,4,True,1,True,True,3,370000
250MH,Atlas,25.9,129,12.25,680000,False,2019,8624,1437.3,Dobry,2,True,4,True,True,0,347000
250MH,Atlas,25.9,129,12.25,680000,False,2015,15099,1509.9,Dobry,2,False,4,True,True,1,218000
250MH,Atlas,25.9,129,12.25,680000,False,2014,9395,854.1,Dobry,2,False,4,False,False,0,220000
250MH,Atlas,25.9,129,12.25,680000,False,2014,13305,1209.5,Doskonały,0,True,3,False,False,3,280000
250MH,Atlas,25.9,129,12.25,680000,False,2011,17158,1225.6,Doskonały,0,True,5,False,False,1,196000
250MH,Atlas,25.9,129,12.25,680000,False,2014,14225,1293.2,Dobry,2,False,4,True,False,0,206000
250MH,Atlas,25.9,129,12.25,680000,False,2018,6645,949.3,Zadowalający,3,True,2,True,False,2,288000
250MH,Atlas,25.9,129,12.25,680000,False,2014,10321,938.3,Bardzo dobry,1,True,5,True,False,0,234000
250MH,Atlas,25.9,129,12.25,680000,False,2016,12224,1358.2,Doskonały,0,True,4,True,False,3,376000
250MH,Atlas,25.9,129,12.25,680000,False,2024,877,877.0,Zadowalający,3,True,0,True,True,1,575000
250MH,Atlas,25.9,129,12.25,680000,False,2011,23093,1649.5,Bardzo dobry,1,True,3,False,False,1,160000
250MH,Atlas,25.9,129,12.25,680000,False,2014,14435,1312.3,Dobry,2,True,3,True,False,0,208000
250MH,Atlas,25.9,129,12.25,680000,False,2011,18213,1300.9,Doskonały,0,True,4,False,False,0,176000
250MH,Atlas,25.9,129,12.25,680000,False,2022,3776,1258.7,Wymaga naprawy,4,True,3,True,True,3,388000
250MH,Atlas,25.9,129,12.25,680000,False,2024,1066,1066.0,Wymaga naprawy,4,False,0,True,True,3,527000
250MH,Atlas,25.9,129,12.25,680000,False,2019,6892,1148.7,Zadowalający,3,True,2,True,False,0,340000
250MH,Atlas,25.9,129,12.25,680000,False,2023,2036,1018.0,Wymaga naprawy,4,True,0,True,True,1,442000
250MH,Atlas,25.9,129,12.25,680000,False,2021,3328,832.0,Dobry,2,True,3,True,True,1,467000
250MH,Atlas,25.9,129,12.25,680000,False,2010,22711,1514.1,Doskonały,0,True,4,True,False,2,197000
250MH,Atlas,25.9,129,12.25,680000,False,2023,3447,1723.5,Wymaga naprawy,4,True,0,False,True,2,419000
250MH,Atlas,25.9,129,12.25,680000,False,2015,12202,1220.2,Bardzo dobry,1,True,3,True,False,0,255000
250MH,Atlas,25.9,129,12.25,680000,False,2024,1331,1331.0,Wymaga naprawy,4,True,2,True,False,1,455000
250MH,Atlas,25.9,129,12.25,680000,False,2015,8544,854.4,Dobry,2,False,2,True,True,3,301000
250MH,Atlas,25.9,129,12.25,680000,False,2024,964,964.0,Wymaga naprawy,4,True,1,False,True,3,426000
250MH,Atlas,25.9,129,12.25,680000,False,2024,850,850.0,Zadowalający,3,True,2,True,False,2,544000
250MH,Atlas,25.9,129,12.25,680000,False,2022,2389,796.3,Wymaga naprawy,4,False,1,True,True,2,355000
250MH,Atlas,25.9,129,12.25,680000,False,2024,1305,1305.0,Wymaga naprawy,4,True,2,True,False,0,442000
250MH,Atlas,25.9,129,12.25,680000,False,2020,3095,619.0,Dobry,2,False,0,False,True,3,454000
250MH,Atlas,25.9,129,12.25,680000,False,2021,5602,1400.5,Zadowalający,3,True,1,False,False,2,420000
250MH,Atlas,25.9,129,12.25,680000,False,2011,21587,1541.9,Doskonały,0,False,4,True,False,2,189000
250MH,Atlas,25.9,129,12.25,680000,False,2013,19684,1640.3,Bardzo dobry,1,False,4,True,False,3,198000
250MH,Atlas,25.9,129,12.25,680000,False,2017,5002,625.2,Dobry,2,True,1,True,True,2,365000
250MH,Atlas,25.9,129,12.25,680000,False,2010,13173,878.2,Dobry,2,False,4,True,False,0,152000
250MH,Atlas,25.9,129,12.25,680000,False,2013,11313,942.8,Dobry,2,True,3,True,False,2,216000
250MH,Atlas,25.9,129,12.25,680000,False,2016,7423,824.8,Bardzo dobry,1,False,3,False,True,3,290000
250MH,Atlas,25.9,129,12.25,680000,False,2018,10360,1480.0,Dobry,2,True,2,True,True,3,418000
250MH,Atlas,25.9,129,12.25,680000,False,2017,8775,1096.9,Bardzo dobry,1,False,1,True,True,1,339000
250MH,Atlas,25.9,129,12.25,680000,False,2023,2072,1036.0,Zadowalający,3,True,1,True,True,0,544000
250MH,Atlas,25.9,129,12.25,680000,False,2022,3471,1157.0,Wymaga naprawy,4,True,1,True,True,2,369000
250MH,Atlas,25.9,129,12.25,680000,False,2021,4060,1015.0,Zadowalający,3,True,3,True,False,0,394000
250MH,Atlas,25.9,129,12.25,680000,False,2014,11110,1010.0,Bardzo dobry,1,False,3,True,False,2,236000
250MH,Atlas,25.9,129,12.25,680000,False,2014,7657,696.1,Bardzo dobry,1,False,2,True,False,1,254000
250MH,Atlas,25.9,129,12.25,680000,False,2017,8234,1029.2,Bardzo dobry,1,True,3,True,True,3,371000
250MH,Atlas,25.9,129,12.25,680000,False,2023,2569,1284.5,Zadowalający,3,False,1,True,False,0,458000
250MH,Atlas,25.9,129,12.25,680000,False,2023,1714,857.0,Wymaga naprawy,4,False,0,True,False,1,420000
250MH,Atlas,25.9,129,12.25,680000,False,2018,9904,1414.9,Zadowalający,3,False,1,True,False,1,272000
250MH,Atlas,25.9,129,12.25,680000,False,2010,14096,939.7,Doskonały,0,True,5,True,False,2,179000
250MH,Atlas,25.9,129,12.25,680000,False,2017,8225,1028.1,Bardzo dobry,1,True,4,True,True,2,364000
270MH,Atlas,30.8,129,15.31,750000,False,2021,6051,1512.8,Dobry,2,True,3,True,False,1,513000
270MH,Atlas,30.8,129,15.31,750000,False,2019,4248,708.0,Wymaga naprawy,4,True,1,True,True,1,345000
270MH,Atlas,30.8,129,15.31,750000,False,2021,5443,1360.8,Dobry,2,True,3,True,True,0,554000
270MH,Atlas,30.8,129,15.31,750000,False,2024,949,949.0,Wymaga naprawy,4,True,1,True,True,0,547000
270MH,Atlas,30.8,129,15.31,750000,False,2022,4565,1521.7,Zadowalający,3,False,0,False,True,2,451000
270MH,Atlas,30.8,129,15.31,750000,False,2018,6571,938.7,Zadowalający,3,True,1,True,True,1,385000
270MH,Atlas,30.8,129,15.31,750000,False,2019,6574,1095.7,Wymaga naprawy,4,True,1,True,False,2,307000
270MH,Atlas,30.8,129,15.31,750000,False,2024,1774,1774.0,Wymaga naprawy,4,True,0,True,True,0,511000
270MH,Atlas,30.8,129,15.31,750000,False,2015,10732,1073.2,Dobry,2,True,4,True,True,0,267000
270MH,Atlas,30.8,129,15.31,750000,False,2015,11936,1193.6,Bardzo dobry,1,True,4,True,True,3,298000
270MH,Atlas,30.8,129,15.31,750000,False,2017,13080,1635.0,Bardzo dobry,1,True,3,False,True,1,375000
270MH,Atlas,30.8,129,15.31,750000,False,2016,9257,1028.6,Doskonały,0,False,3,False,True,0,373000
270MH,Atlas,30.8,129,15.31,750000,False,2016,13108,1456.4,Dobry,2,False,3,True,False,3,284000
270MH,Atlas,30.8,129,15.31,750000,False,2011,20840,1488.6,Doskonały,0,False,5,True,False,1,195000
270MH,Atlas,30.8,129,15.31,750000,False,2024,1523,1523.0,Wymaga naprawy,4,False,0,True,True,3,531000
270MH,Atlas,30.8,129,15.31,750000,False,2015,10757,1075.7,Dobry,2,False,4,False,False,2,271000
270MH,Atlas,30.8,129,15.31,750000,False,2020,6571,1314.2,Zadowalający,3,False,1,True,False,0,392000
270MH,Atlas,30.8,129,15.31,750000,False,2018,7363,1051.9,Dobry,2,True,1,False,False,2,434000
270MH,Atlas,30.8,129,15.31,750000,False,2015,8107,810.7,Dobry,2,True,5,False,True,2,253000
270MH,Atlas,30.8,129,15.31,750000,False,2016,13019,1446.6,Dobry,2,True,4,True,False,0,283000
270MH,Atlas,30.8,129,15.31,750000,False,2019,10609,1768.2,Zadowalający,3,False,4,False,True,1,341000
270MH,Atlas,30.8,129,15.31,750000,False,2022,1945,648.3,Zadowalający,3,False,3,False,True,2,496000
270MH,Atlas,30.8,129,15.31,750000,False,2024,1338,1338.0,Wymaga naprawy,4,True,0,True,True,0,487000
270MH,Atlas,30.8,129,15.31,750000,False,2012,21410,1646.9,Bardzo dobry,1,True,3,True,False,3,228000
270MH,Atlas,30.8,129,15.31,750000,False,2011,13223,944.5,Bardzo dobry,1,True,5,False,False,2,192000
270MH,Atlas,30.8,129,15.31,750000,False,2019,3648,608.0,Zadowalający,3,False,4,True,True,2,362000
270MH,Atlas,30.8,129,15.31,750000,False,2014,12860,1169.1,Dobry,2,True,5,True,False,1,220000
270MH,Atlas,30.8,129,15.31,750000,False,2015,12088,1208.8,Doskonały,0,True,5,True,True,3,346000
270MH,Atlas,30.8,129,15.31,750000,False,2016,6629,736.6,Zadowalający,3,True,2,False,True,3,312000
270MH,Atlas,30.8,129,15.31,750000,False,2024,1091,1091.0,Wymaga naprawy,4,False,0,True,False,3,561000
270MH,Atlas,30.8,129,15.31,750000,False,2011,22081,1577.2,Bardzo dobry,1,True,4,True,False,3,200000
270MH,Atlas,30.8,129,15.31,750000,False,2019,5775,962.5,Wymaga naprawy,4,True,4,True,True,3,327000
270MH,Atlas,30.8,129,15.31,750000,False,2014,13469,1224.5,Doskonały,0,True,3,True,False,0,304000
270MH,Atlas,30.8,129,15.31,750000,False,2021,3821,955.2,Wymaga naprawy,4,True,2,True,False,1,371000
270MH,Atlas,30.8,129,15.31,750000,False,2011,13604,971.7,Bardzo dobry,1,True,3,True,False,3,244000
270MH,Atlas,30.8,129,15.31,750000,False,2023,2355,1177.5,Wymaga naprawy,4,False,0,True,True,0,457000
270MH,Atlas,30.8,129,15.31,750000,False,2019,8016,1336.0,Zadowalający,3,True,1,True,False,1,354000
270MH,Atlas,30.8,129,15.31,750000,False,2022,2629,876.3,Wymaga naprawy,4,True,1,True,True,1,404000
270MH,Atlas,30.8,129,15.31,750000,False,2018,11013,1573.3,Dobry,2,True,1,True,False,2,403000
270MH,Atlas,30.8,129,15.31,750000,False,2022,4188,1396.0,Zadowalający,3,True,2,True,True,0,478000
270MH,Atlas,30.8,129,15.31,750000,False,2020,8330,1666.0,Zadowalający,3,True,2,True,False,0,405000
270MH,Atlas,30.8,129,15.31,750000,False,2013,13721,1143.4,Dobry,2,False,5,False,False,0,186000
270MH,Atlas,30.8,129,15.31,750000,False,2020,4114,822.8,Dobry,2,False,0,True,True,0,501000
270MH,Atlas,30.8,129,15.31,750000,False,2021,4553,1138.2,Dobry,2,False,3,False,False,3,460000
270MH,Atlas,30.8,129,15.31,750000,False,2015,12706,1270.6,Doskonały,0,True,5,True,False,0,289000
270MH,Atlas,30.8,129,15.31,750000,False,2021,6638,1659.5,Dobry,2,True,0,True,True,1,568000
270MH,Atlas,30.8,129,15.31,750000,False,2022,3799,1266.3,Zadowalający,3,True,3,True,True,1,469000
270MH,Atlas,30.8,129,15.31,750000,False,2021,5945,1486.2,Dobry,2,False,1,True,True,2,572000
270MH,Atlas,30.8,129,15.31,750000,False,2023,2223,1111.5,Zadowalający,3,False,0,False,True,3,550000
270MH,Atlas,30.8,129,15.31,750000,False,2021,2404,601.0,Zadowalający,3,False,1,False,True,1,431000
270MH,Atlas,30.8,129,15.31,750000,False,2016,10254,1139.3,Doskonały,0,False,2,True,False,0,357000
270MH,Atlas,30.8,129,15.31,750000,False,2010,24432,1628.8,Bardzo dobry,1,True,5,True,False,3,165000
270MH,Atlas,30.8,129,15.31,750000,False,2014,13752,1250.2,Doskonały,0,False,4,False,False,3,313000
270MH,Atlas,30.8,129,15.31,750000,False,2015,18512,1851.2,Bardzo dobry,1,False,2,True,True,3,343000
270MH,Atlas,30.8,129,15.31,750000,False,2016,9582,1064.7,Bardzo dobry,1,True,5,True,True,3,331000
270MH,Atlas,30.8,129,15.31,750000,False,2023,3158,1579.0,Wymaga naprawy,4,True,2,True,True,0,477000
270MH,Atlas,30.8,129,15.31,750000,False,2021,3854,963.5,Wymaga naprawy,4,True,3,True,True,3,415000
270MH,Atlas,30.8,129,15.31,750000,False,2010,14117,941.1,Doskonały,0,False,5,True,False,3,223000
270MH,Atlas,30.8,129,15.31,750000,False,2018,10986,1569.4,Bardzo dobry,1,True,2,True,False,0,430000
300MH,Atlas,33.2,129,15.31,820000,False,2012,18014,1385.7,Bardzo dobry,1,True,5,False,False,3,250000
300MH,Atlas,33.2,129,15.31,820000,False,2021,3431,857.8,Zadowalający,3,True,3,True,False,2,455000
300MH,Atlas,33.2,129,15.31,820000,False,2016,10151,1127.9,Bardzo dobry,1,False,4,True,True,2,358000
300MH,Atlas,33.2,129,15.31,820000,False,2015,10820,1082.0,Dobry,2,True,2,True,True,2,317000
300MH,Atlas,33.2,129,15.31,820000,False,2020,7347,1469.4,Zadowalający,3,False,3,True,True,1,455000
300MH,Atlas,33.2,129,15.31,820000,False,2022,4387,1462.3,Wymaga naprawy,4,True,2,False,False,2,463000
300MH,Atlas,33.2,129,15.31,820000,False,2015,14326,1432.6,Bardzo dobry,1,True,5,True,False,0,289000
300MH,Atlas,33.2,129,15.31,820000,False,2024,843,843.0,Zadowalający,3,True,1,False,False,0,596000
300MH,Atlas,33.2,129,15.31,820000,False,2024,1480,1480.0,Wymaga naprawy,4,True,0,True,True,2,572000
300MH,Atlas,33.2,129,15.31,820000,False,2019,7250,1208.3,Wymaga naprawy,4,True,2,False,True,0,313000
300MH,Atlas,33.2,129,15.31,820000,False,2023,1845,922.5,Zadowalający,3,True,1,True,True,2,627000
300MH,Atlas,33.2,129,15.31,820000,False,2024,1044,1044.0,Wymaga naprawy,4,True,0,False,True,3,633000
300MH,Atlas,33.2,129,15.31,820000,False,2023,1965,982.5,Wymaga naprawy,4,True,2,True,False,1,458000
300MH,Atlas,33.2,129,15.31,820000,False,2017,6080,760.0,Zadowalający,3,False,2,True,True,3,315000
300MH,Atlas,33.2,129,15.31,820000,False,2013,15199,1266.6,Bardzo dobry,1,False,5,True,False,1,260000
300MH,Atlas,33.2,129,15.31,820000,False,2013,14260,1188.3,Dobry,2,True,4,True,False,0,259000
300MH,Atlas,33.2,129,15.31,820000,False,2022,3834,1278.0,Wymaga naprawy,4,True,2,True,True,2,452000
300MH,Atlas,33.2,129,15.31,820000,False,2011,17383,1241.6,Bardzo dobry,1,True,3,True,False,1,224000
300MH,Atlas,33.2,129,15.31,820000,False,2013,12005,1000.4,Bardzo dobry,1,False,4,True,False,3,269000
300MH,Atlas,33.2,129,15.31,820000,False,2022,2707,902.3,Zadowalający,3,True,0,False,True,0,601000
300MH,Atlas,33.2,129,15.31,820000,False,2021,4077,1019.2,Zadowalający,3,True,2,False,True,0,462000
300MH,Atlas,33.2,129,15.31,820000,False,2011,11885,848.9,Bardzo dobry,1,True,5,True,False,1,243000
300MH,Atlas,33.2,129,15.31,820000,False,2024,1492,1492.0,Wymaga naprawy,4,True,2,True,True,3,598000
300MH,Atlas,33.2,129,15.31,820000,False,2022,3057,1019.0,Zadowalający,3,False,0,True,True,2,583000
300MH,Atlas,33.2,129,15.31,820000,False,2016,14619,1624.3,Doskonały,0,True,3,True,False,0,376000
300MH,Atlas,33.2,129,15.31,820000,False,2015,14103,1410.3,Bardzo dobry,1,False,3,True,False,3,319000
300MH,Atlas,33.2,129,15.31,820000,False,2011,18047,1289.1,Doskonały,0,True,5,True,False,3,254000
300MH,Atlas,33.2,129,15.31,820000,False,2014,17142,1558.4,Doskonały,0,True,5,True,False,2,333000
300MH,Atlas,33.2,129,15.31,820000,False,2016,8827,980.8,Doskonały,0,True,4,True,False,2,396000
300MH,Atlas,33.2,129,15.31,820000,False,2012,9605,738.8,Doskonały,0,True,3,False,False,0,254000
300MH,Atlas,33.2,129,15.31,820000,False,2022,4989,1663.0,Wymaga naprawy,4,False,0,True,False,2,407000
300MH,Atlas,33.2,129,15.31,820000,False,2017,8094,1011.8,Doskonały,0,True,4,True,True,3,441000
300MH,Atlas,33.2,129,15.31,820000,False,2016,16244,1804.9,Doskonały,0,True,5,True,True,1,375000
300MH,Atlas,33.2,129,15.31,820000,False,2012,15859,1219.9,Bardzo dobry,1,True,4,True,False,0,249000
300MH,Atlas,33.2,129,15.31,820000,False,2014,11290,1026.4,Doskonały,0,False,2,True,False,1,352000
300MH,Atlas,33.2,129,15.31,820000,False,2014,11481,1043.7,Dobry,2,False,3,True,False,0,287000
300MH,Atlas,33.2,129,15.31,820000,False,2011,19164,1368.9,Bardzo dobry,1,True,5,True,False,1,215000
300MH,Atlas,33.2,129,15.31,820000,False,2013,12241,1020.1,Doskonały,0,False,4,False,False,2,278000
300MH,Atlas,33.2,129,15.31,820000,False,2011,14090,1006.4,Dobry,2,True,5,False,False,1,178000
300MH,Atlas,33.2,129,15.31,820000,False,2013,9746,812.2,Dobry,2,True,4,True,False,1,243000
300MH,Atlas,33.2,129,15.31,820000,False,2023,1602,801.0,Wymaga naprawy,4,False,0,True,True,0,497000
300MH,Atlas,33.2,129,15.31,820000,False,2012,21247,1634.4,Bardzo dobry,1,True,5,True,False,0,195000
300MH,Atlas,33.2,129,15.31,820000,False,2013,10475,872.9,Dobry,2,True,5,False,False,2,259000
300MH,Atlas,33.2,129,15.31,820000,False,2021,5411,1352.8,Zadowalający,3,True,0,True,False,2,520000
300MH,Atlas,33.2,129,15.31,820000,False,2015,9910,991.0,Dobry,2,True,3,True,False,0,314000
300MH,Atlas,33.2,129,15.31,820000,False,2022,3129,1043.0,Zadowalający,3,True,3,True,False,3,551000
300MH,Atlas,33.2,129,15.31,820000,False,2023,2817,1408.5,Wymaga naprawy,4,True,0,True,True,0,552000
300MH,Atlas,33.2,129,15.31,820000,False,2023,2787,1393.5,Wymaga naprawy,4,False,2,True,True,2,455000
300MH,Atlas,33.2,129,15.31,820000,False,2010,22667,1511.1,Doskonały,0,True,5,False,False,1,193000
300MH,Atlas,33.2,129,15.31,820000,False,2012,13913,1070.2,Bardzo dobry,1,True,5,False,False,1,216000
300MH,Atlas,33.2,129,15.31,820000,False,2016,10169,1129.9,Doskonały,0,True,4,True,True,1,415000
350MH,Atlas,38.0,180,18.0,950000,False,2018,12234,1747.7,Bardzo dobry,1,True,3,False,True,1,482000
350MH,Atlas,38.0,180,18.0,950000,False,2010,18635,1242.3,Doskonały,0,True,5,True,False,3,238000
350MH,Atlas,38.0,180,18.0,950000,False,2019,9403,1567.2,Bardzo dobry,1,False,1,True,True,1,650000
350MH,Atlas,38.0,180,18.0,950000,False,2011,14561,1040.1,Dobry,2,True,5,True,False,0,236000
350MH,Atlas,38.0,180,18.0,950000,False,2010,14762,984.1,Dobry,2,False,5,True,False,2,215000
350MH,Atlas,38.0,180,18.0,950000,False,2021,2985,746.2,Zadowalający,3,False,3,True,False,1,481000
350MH,Atlas,38.0,180,18.0,950000,False,2013,8621,718.4,Bardzo dobry,1,True,5,True,False,3,313000
350MH,Atlas,38.0,180,18.0,950000,False,2020,6683,1336.6,Dobry,2,False,0,False,False,2,640000
350MH,Atlas,38.0,180,18.0,950000,False,2014,17425,1584.1,Doskonały,0,True,4,True,False,2,373000
350MH,Atlas,38.0,180,18.0,950000,False,2024,956,956.0,Wymaga naprawy,4,True,2,True,True,1,653000
350MH,Atlas,38.0,180,18.0,950000,False,2011,11341,810.1,Bardzo dobry,1,True,4,True,False,2,286000
350MH,Atlas,38.0,180,18.0,950000,False,2017,10635,1329.4,Dobry,2,False,2,False,True,0,430000
350MH,Atlas,38.0,180,18.0,950000,False,2015,16237,1623.7,Doskonały,0,False,4,True,True,1,371000
350MH,Atlas,38.0,180,18.0,950000,False,2011,21126,1509.0,Doskonały,0,True,3,True,False,3,318000
350MH,Atlas,38.0,180,18.0,950000,False,2024,1803,1803.0,Wymaga naprawy,4,True,1,False,True,1,687000
350MH,Atlas,38.0,180,18.0,950000,False,2019,6137,1022.8,Dobry,2,True,2,True,False,2,516000
350MH,Atlas,38.0,180,18.0,950000,False,2019,7154,1192.3,Wymaga naprawy,4,False,1,True,False,0,391000
350MH,Atlas,38.0,180,18.0,950000,False,2014,8211,746.5,Dobry,2,False,5,True,False,3,298000
350MH,Atlas,38.0,180,18.0,950000,False,2010,24497,1633.1,Doskonały,0,True,5,True,False,3,262000
350MH,Atlas,38.0,180,18.0,950000,False,2012,15755,1211.9,Bardzo dobry,1,False,4,True,False,0,275000
350MH,Atlas,38.0,180,18.0,950000,False,2015,16318,1631.8,Bardzo dobry,1,True,4,True,False,0,366000
350MH,Atlas,38.0,180,18.0,950000,False,2017,10361,1295.1,Bardzo dobry,1,True,2,False,True,0,501000
350MH,Atlas,38.0,180,18.0,950000,False,2022,3705,1235.0,Wymaga naprawy,4,False,2,True,False,3,455000
350MH,Atlas,38.0,180,18.0,950000,False,2024,1316,1316.0,Wymaga naprawy,4,True,2,True,True,1,650000
350MH,Atlas,38.0,180,18.0,950000,False,2013,14371,1197.6,Doskonały,0,True,4,True,False,2,367000
350MH,Atlas,38.0,180,18.0,950000,False,2012,15012,1154.8,Dobry,2,True,5,False,False,0,219000
350MH,Atlas,38.0,180,18.0,950000,False,2014,19418,1765.3,Doskonały,0,True,2,False,False,0,371000
350MH,Atlas,38.0,180,18.0,950000,False,2013,12068,1005.7,Dobry,2,True,5,True,False,0,272000
350MH,Atlas,38.0,180,18.0,950000,False,2023,2008,1004.0,Zadowalający,3,True,0,True,True,3,772000
350MH,Atlas,38.0,180,18.0,950000,False,2020,5856,1171.2,Wymaga naprawy,4,True,3,False,True,2,381000
350MH,Atlas,38.0,180,18.0,950000,False,2011,14772,1055.1,Bardzo dobry,1,False,5,False,False,0,216000
350MH,Atlas,38.0,180,18.0,950000,False,2013,14846,1237.2,Dobry,2,True,3,True,False,1,298000
350MH,Atlas,38.0,180,18.0,950000,False,2023,2179,1089.5,Wymaga naprawy,4,False,0,False,True,2,572000
350MH,Atlas,38.0,180,18.0,950000,False,2017,7210,901.2,Dobry,2,True,4,True,False,0,383000
350MH,Atlas,38.0,180,18.0,950000,False,2018,11824,1689.1,Zadowalający,3,True,3,True,False,3,381000
350MH,Atlas,38.0,180,18.0,950000,False,2018,11989,1712.7,Zadowalający,3,True,3,True,False,2,424000
350MH,Atlas,38.0,180,18.0,950000,False,2021,3788,947.0,Zadowalający,3,True,2,False,True,1,556000
350MH,Atlas,38.0,180,18.0,950000,False,2018,7503,1071.9,Zadowalający,3,True,1,True,False,3,440000
350MH,Atlas,38.0,180,18.0,950000,False,2017,8666,1083.2,Bardzo dobry,1,True,3,True,True,3,516000
350MH,Atlas,38.0,180,18.0,950000,False,2023,2397,1198.5,Zadowalający,3,True,2,True,True,3,672000
350MH,Atlas,38.0,180,18.0,950000,False,2017,10808,1351.0,Dobry,2,True,4,True,True,2,469000
350MH,Atlas,38.0,180,18.0,950000,False,2021,3797,949.2,Zadowalający,3,False,3,False,True,1,538000
350MH,Atlas,38.0,180,18.0,950000,False,2011,12678,905.6,Dobry,2,True,5,True,False,0,222000
350MH,Atlas,38.0,180,18.0,950000,False,2011,19061,1361.5,Doskonały,0,False,5,True,False,1,257000
350MH,Atlas,38.0,180,18.0,950000,False,2016,7779,864.3,Zadowalający,3,True,4,True,True,1,318000
350MH,Atlas,38.0,180,18.0,950000,False,2023,2885,1442.5,Wymaga naprawy,4,False,1,True,True,2,548000
350MH,Atlas,38.0,180,18.0,950000,False,2011,15796,1128.3,Bardzo dobry,1,True,5,True,False,3,245000
350MH,Atlas,38.0,180,18.0,950000,False,2014,10532,957.5,Doskonały,0,False,2,True,False,3,378000
350MH,Atlas,38.0,180,18.0,950000,False,2019,7527,1254.5,Wymaga naprawy,4,False,4,True,True,3,365000
350MH,Atlas,38.0,180,18.0,950000,False,2024,1212,1212.0,Wymaga naprawy,4,True,2,True,False,3,636000
350MH,Atlas,38.0,180,18.0,950000,False,2010,13690,912.7,Bardzo dobry,1,True,5,True,False,2,217000
350MH,Atlas,38.0,180,18.0,950000,False,2012,11485,883.5,Dobry,2,True,3,True,False,2,300000
350MH,Atlas,38.0,180,18.0,950000,False,2024,1540,1540.0,Wymaga naprawy,4,True,2,True,True,0,570000
400MH,Atlas,44.5,180,17.9,1100000,False,2019,7444,1240.7,Zadowalający,3,False,2,True,True,3,488000
400MH,Atlas,44.5,180,17.9,1100000,False,2019,5906,984.3,Dobry,2,False,1,False,True,1,589000
400MH,Atlas,44.5,180,17.9,1100000,False,2012,13748,1057.5,Dobry,2,True,3,True,False,0,323000
400MH,Atlas,44.5,180,17.9,1100000,False,2016,6859,762.1,Dobry,2,True,4,False,True,2,465000
400MH,Atlas,44.5,180,17.9,1100000,False,2020,5716,1143.2,Wymaga naprawy,4,True,2,True,True,0,454000
400MH,Atlas,44.5,180,17.9,1100000,False,2012,11981,921.6,Doskonały,0,True,3,True,False,2,405000
400MH,Atlas,44.5,180,17.9,1100000,False,2010,23057,1537.1,Doskonały,0,False,5,True,False,2,284000
400MH,Atlas,44.5,180,17.9,1100000,False,2015,14716,1471.6,Doskonały,0,True,4,False,False,3,489000
400MH,Atlas,44.5,180,17.9,1100000,False,2010,23412,1560.8,Bardzo dobry,1,True,5,True,False,0,228000
400MH,Atlas,44.5,180,17.9,1100000,False,2013,12675,1056.2,Bardzo dobry,1,False,3,False,False,1,346000
400MH,Atlas,44.5,180,17.9,1100000,False,2024,1337,1337.0,Wymaga naprawy,4,True,1,True,False,2,745000
400MH,Atlas,44.5,180,17.9,1100000,False,2011,19201,1371.5,Bardzo dobry,1,True,3,True,False,1,293000
400MH,Atlas,44.5,180,17.9,1100000,False,2019,8997,1499.5,Dobry,2,True,4,False,False,2,561000
400MH,Atlas,44.5,180,17.9,1100000,False,2024,986,986.0,Wymaga naprawy,4,True,0,False,False,0,721000
400MH,Atlas,44.5,180,17.9,1100000,False,2019,6256,1042.7,Wymaga naprawy,4,True,3,False,True,2,417000
400MH,Atlas,44.5,180,17.9,1100000,False,2011,12537,895.5,Doskonały,0,True,5,True,False,2,298000
400MH,Atlas,44.5,180,17.9,1100000,False,2011,12530,895.0,Doskonały,0,True,5,False,False,2,344000
400MH,Atlas,44.5,180,17.9,1100000,False,2014,16065,1460.5,Bardzo dobry,1,True,5,False,False,0,371000
400MH,Atlas,44.5,180,17.9,1100000,False,2015,8877,887.7,Doskonały,0,False,2,True,True,2,478000
400MH,Atlas,44.5,180,17.9,1100000,False,2016,14295,1588.3,Doskonały,0,False,2,True,True,3,516000
400MH,Atlas,44.5,180,17.9,1100000,False,2023,2082,1041.0,Wymaga naprawy,4,False,0,True,True,1,648000
400MH,Atlas,44.5,180,17.9,1100000,False,2018,5694,813.4,Zadowalający,3,True,4,True,True,2,486000
400MH,Atlas,44.5,180,17.9,1100000,False,2015,16986,1698.6,Doskonały,0,True,4,False,False,3,482000
400MH,Atlas,44.5,180,17.9,1100000,False,2016,11608,1289.8,Doskonały,0,True,4,True,True,1,495000
400MH,Atlas,44.5,180,17.9,1100000,False,2016,12514,1390.4,Doskonały,0,False,4,True,False,3,542000
400MH,Atlas,44.5,180,17.9,1100000,False,2017,12171,1521.4,Dobry,2,True,1,True,False,0,469000
400MH,Atlas,44.5,180,17.9,1100000,False,2010,22139,1475.9,Doskonały,0,True,5,True,False,3,282000
400MH,Atlas,44.5,180,17.9,1100000,False,2014,7591,690.1,Bardzo dobry,1,True,3,False,False,2,425000
400MH,Atlas,44.5,180,17.9,1100000,False,2020,6274,1254.8,Wymaga naprawy,4,False,3,True,False,0,436000
400MH,Atlas,44.5,180,17.9,1100000,False,2013,16372,1364.3,Doskonały,0,True,5,False,False,2,373000
400MH,Atlas,44.5,180,17.9,1100000,False,2020,5475,1095.0,Zadowalający,3,True,1,True,False,0,584000
400MH,Atlas,44.5,180,17.9,1100000,False,2010,14266,951.1,Doskonały,0,True,5,True,False,2,281000
400MH,Atlas,44.5,180,17.9,1100000,False,2018,9785,1397.9,Bardzo dobry,1,True,3,False,True,1,602000
400MH,Atlas,44.5,180,17.9,1100000,False,2013,8642,720.2,Bardzo dobry,1,True,4,True,False,1,396000
400MH,Atlas,44.5,180,17.9,1100000,False,2024,1345,1345.0,Wymaga naprawy,4,True,1,True,False,2,802000
400MH,Atlas,44.5,180,17.9,1100000,False,2024,922,922.0,Zadowalający,3,True,1,True,False,1,845000
400MH,Atlas,44.5,180,17.9,1100000,False,2020,6515,1303.0,Dobry,2,True,1,True,True,1,738000
400MH,Atlas,44.5,180,17.9,1100000,False,2020,3174,634.8,Zadowalający,3,True,0,True,True,3,619000
400MH,Atlas,44.5,180,17.9,1100000,False,2016,11000,1222.2,Bardzo dobry,1,False,4,True,True,3,507000
400MH,Atlas,44.5,180,17.9,1100000,False,2013,10657,888.1,Doskonały,0,True,5,True,False,3,396000
400MH,Atlas,44.5,180,17.9,1100000,False,2016,15476,1719.6,Doskonały,0,False,5,False,True,2,510000
400MH,Atlas,44.5,180,17.9,1100000,False,2013,18806,1567.2,Bardzo dobry,1,False,5,True,False,2,337000
400MH,Atlas,44.5,180,17.9,1100000,False,2010,17717,1181.1,Doskonały,0,False,5,False,False,3,269000
400MH,Atlas,44.5,180,17.9,1100000,False,2017,7644,955.5,Bardzo dobry,1,True,2,True,False,0,546000
400MH,Atlas,44.5,180,17.9,1100000,False,2018,6824,974.9,Zadowalający,3,True,1,True,False,1,484000
400MH,Atlas,44.5,180,17.9,1100000,False,2014,18277,1661.5,Bardzo dobry,1,False,4,True,False,3,384000
400MH,Atlas,44.5,180,17.9,1100000,False,2022,4367,1455.7,Wymaga naprawy,4,False,3,True,True,2,591000
400MH,Atlas,44.5,180,17.9,1100000,False,2015,9813,981.3,Doskonały,0,True,4,True,False,3,518000
400MH,Atlas,44.5,180,17.9,1100000,False,2011,16964,1211.7,Doskonały,0,True,5,True,False,0,274000
400MH,Atlas,44.5,180,17.9,1100000,False,2015,15568,1556.8,Doskonały,0,False,4,True,True,3,478000
400MH,Atlas,44.5,180,17.9,1100000,False,2016,11015,1223.9,Bardzo dobry,1,True,4,True,True,3,526000
400MH,Atlas,44.5,180,17.9,1100000,False,2019,8765,1460.8,Zadowalający,3,True,1,True,False,3,564000
400MH,Atlas,44.5,180,17.9,1100000,False,2017,8955,1119.4,Doskonały,0,True,2,True,False,2,699000
400MH,Atlas,44.5,180,17.9,1100000,False,2018,8165,1166.4,Zadowalający,3,True,2,True,False,0,486000
400MH,Atlas,44.5,180,17.9,1100000,False,2023,2425,1212.5,Wymaga naprawy,4,True,0,True,True,0,693000
400MH,Atlas,44.5,180,17.9,1100000,False,2019,5284,880.7,Wymaga naprawy,4,True,1,False,True,1,466000
400MH,Atlas,44.5,180,17.9,1100000,False,2010,24705,1647.0,Bardzo dobry,1,True,5,True,False,0,227000
400MH,Atlas,44.5,180,17.9,1100000,False,2020,5926,1185.2,Wymaga naprawy,4,False,3,True,True,0,440000
400MH,Atlas,44.5,180,17.9,1100000,False,2013,13065,1088.8,Bardzo dobry,1,True,5,False,False,2,324000
400MH,Atlas,44.5,180,17.9,1100000,False,2012,9877,759.8,Dobry,2,False,5,True,False,0,290000
520MH,Atlas,57.0,230,21.9,1350000,False,2014,13628,1238.9,Dobry,2,True,2,True,False,2,478000
520MH,Atlas,57.0,230,21.9,1350000,False,2011,14703,1050.2,Dobry,2,True,4,False,False,1,323000
520MH,Atlas,57.0,230,21.9,1350000,False,2022,5236,1745.3,Wymaga naprawy,4,True,0,False,True,2,780000
520MH,Atlas,57.0,230,21.9,1350000,False,2021,4754,1188.5,Dobry,2,True,1,True,False,2,914000
520MH,Atlas,57.0,230,21.9,1350000,False,2011,17633,1259.5,Doskonały,0,True,5,True,False,1,391000
520MH,Atlas,57.0,230,21.9,1350000,False,2024,745,745.0,Wymaga naprawy,4,False,1,True,True,0,920000
520MH,Atlas,57.0,230,21.9,1350000,False,2014,13686,1244.2,Bardzo dobry,1,False,4,True,False,3,429000
520MH,Atlas,57.0,230,21.9,1350000,False,2015,7563,756.3,Zadowalający,3,False,5,True,False,0,411000
520MH,Atlas,57.0,230,21.9,1350000,False,2010,15724,1048.3,Bardzo dobry,1,False,5,True,False,1,321000
520MH,Atlas,57.0,230,21.9,1350000,False,2012,18068,1389.8,Bardzo dobry,1,False,5,True,False,1,335000
520MH,Atlas,57.0,230,21.9,1350000,False,2016,9619,1068.8,Dobry,2,False,5,True,False,0,454000
520MH,Atlas,57.0,230,21.9,1350000,False,2017,9841,1230.1,Doskonały,0,True,2,True,False,3,736000
520MH,Atlas,57.0,230,21.9,1350000,False,2022,4079,1359.7,Wymaga naprawy,4,True,0,True,False,2,702000
520MH,Atlas,57.0,230,21.9,1350000,False,2019,7762,1293.7,Zadowalający,3,True,2,True,False,3,621000
520MH,Atlas,57.0,230,21.9,1350000,False,2014,10481,952.8,Dobry,2,True,5,True,False,3,404000
520MH,Atlas,57.0,230,21.9,1350000,False,2012,20686,1591.2,Bardzo dobry,1,True,3,True,False,3,418000
520MH,Atlas,57.0,230,21.9,1350000,False,2015,6596,659.6,Dobry,2,True,5,True,False,1,456000
520MH,Atlas,57.0,230,21.9,1350000,False,2023,2583,1291.5,Wymaga naprawy,4,True,0,True,False,0,765000
520MH,Atlas,57.0,230,21.9,1350000,False,2023,2261,1130.5,Wymaga naprawy,4,True,0,False,True,2,831000
520MH,Atlas,57.0,230,21.9,1350000,False,2013,13761,1146.8,Doskonały,0,False,4,True,False,1,461000
520MH,Atlas,57.0,230,21.9,1350000,False,2012,16630,1279.2,Bardzo dobry,1,True,4,False,False,2,409000
520MH,Atlas,57.0,230,21.9,1350000,False,2017,7983,997.9,Zadowalający,3,False,3,True,True,3,530000
520MH,Atlas,57.0,230,21.9,1350000,False,2012,12920,993.8,Doskonały,0,True,5,True,False,2,439000
520MH,Atlas,57.0,230,21.9,1350000,False,2021,5327,1331.8,Dobry,2,True,2,True,True,1,901000
520MH,Atlas,57.0,230,21.9,1350000,False,2011,19886,1420.4,Bardzo dobry,1,True,3,True,False,0,372000
520MH,Atlas,57.0,230,21.9,1350000,False,2012,17949,1380.7,Bardzo dobry,1,False,3,False,False,3,359000
520MH,Atlas,57.0,230,21.9,1350000,False,2023,2573,1286.5,Zadowalający,3,True,2,True,False,2,1061000
520MH,Atlas,57.0,230,21.9,1350000,False,2020,8701,1740.2,Dobry,2,True,3,True,True,0,904000
520MH,Atlas,57.0,230,21.9,1350000,False,2015,7389,738.9,Zadowalający,3,True,3,True,False,2,410000
520MH,Atlas,57.0,230,21.9,1350000,False,2021,3788,947.0,Zadowalający,3,True,1,True,False,2,812000
520MH,Atlas,57.0,230,21.9,1350000,False,2017,11951,1493.9,Doskonały,0,True,1,False,True,0,751000
520MH,Atlas,57.0,230,21.9,1350000,False,2023,1649,824.5,Zadowalający,3,True,0,True,False,1,967000
520MH,Atlas,57.0,230,21.9,1350000,False,2023,1878,939.0,Zadowalający,3,False,0,True,True,3,1152000
520MH,Atlas,57.0,230,21.9,1350000,False,2020,5889,1177.8,Zadowalający,3,False,1,True,True,3,779000
520MH,Atlas,57.0,230,21.9,1350000,False,2022,3815,1271.7,Wymaga naprawy,4,False,3,True,True,0,608000
520MH,Atlas,57.0,230,21.9,1350000,False,2016,14794,1643.8,Doskonały,0,True,3,False,False,3,674000
520MH,Atlas,57.0,230,21.9,1350000,False,2017,7845,980.6,Zadowalający,3,True,3,True,False,2,535000
520MH,Atlas,57.0,230,21.9,1350000,False,2021,3312,828.0,Wymaga naprawy,4,True,0,True,False,0,749000
520MH,Atlas,57.0,230,21.9,1350000,False,2016,9194,1021.6,Doskonały,0,True,4,True,True,1,741000
520MH,Atlas,57.0,230,21.9,1350000,False,2014,12887,1171.5,Doskonały,0,False,5,True,False,2,482000
520MH,Atlas,57.0,230,21.9,1350000,False,2021,3379,844.8,Wymaga naprawy,4,False,1,False,True,0,586000
520MH,Atlas,57.0,230,21.9,1350000,False,2022,2638,879.3,Wymaga naprawy,4,False,1,False,True,1,756000
520MH,Atlas,57.0,230,21.9,1350000,False,2013,8714,726.2,Doskonały,0,False,3,True,False,0,466000
520MH,Atlas,57.0,230,21.9,1350000,False,2011,16872,1205.1,Doskonały,0,False,5,False,False,3,343000
520MH,Atlas,57.0,230,21.9,1350000,False,2013,15349,1279.1,Doskonały,0,True,3,False,False,0,474000
520MH,Atlas,57.0,230,21.9,1350000,False,2017,10623,1327.9,Bardzo dobry,1,True,4,False,True,1,590000
520MH,Atlas,57.0,230,21.9,1350000,False,2024,1262,1262.0,Wymaga naprawy,4,True,2,True,False,3,818000
520MH,Atlas,57.0,230,21.9,1350000,False,2024,1582,1582.0,Wymaga naprawy,4,True,0,True,True,2,1005000
520MH,Atlas,57.0,230,21.9,1350000,False,2013,11061,921.8,Doskonały,0,False,3,True,False,2,482000
520MH,Atlas,57.0,230,21.9,1350000,False,2019,8635,1439.2,Dobry,2,False,3,True,False,3,776000
520MH,Atlas,57.0,230,21.9,1350000,False,2015,8397,839.7,Doskonały,0,True,4,False,True,0,629000
